[
  {
    "id": "21f3bf68-ff5c-4950-ac25-c12ea72fbdbd",
    "data": [
      {
        "text": "what is ",
        "userDefined": false
      },
      {
        "text": "sensor",
        "meta": "@devicename",
        "alias": "devicename",
        "userDefined": false
      },
      {
        "text": " value",
        "userDefined": false
      }
    ],
    "isTemplate": false,
    "count": 0,
    "lang": "en",
    "updated": 0
  },
  {
    "id": "208e24af-2f02-4548-adc4-57305eca1b82",
    "data": [
      {
        "text": "can you read ",
        "userDefined": false
      },
      {
        "text": "sensor",
        "meta": "@devicename",
        "alias": "devicename",
        "userDefined": false
      },
      {
        "text": " value",
        "userDefined": false
      }
    ],
    "isTemplate": false,
    "count": 0,
    "lang": "en",
    "updated": 0
  },
  {
    "id": "3d3568ff-4be8-4c03-bdfb-f8a5563605d6",
    "data": [
      {
        "text": "please read ",
        "userDefined": false
      },
      {
        "text": "sensor",
        "meta": "@devicename",
        "alias": "devicename",
        "userDefined": false
      },
      {
        "text": " value",
        "userDefined": false
      }
    ],
    "isTemplate": false,
    "count": 0,
    "lang": "en",
    "updated": 0
  },
  {
    "id": "d65301fd-757e-4786-bf0d-d190b24261c7",
    "data": [
      {
        "text": "raed ",
        "userDefined": false
      },
      {
        "text": "sensor",
        "meta": "@devicename",
        "alias": "devicename",
        "userDefined": false
      },
      {
        "text": " value",
        "userDefined": false
      }
    ],
    "isTemplate": false,
    "count": 0,
    "lang": "en",
    "updated": 0
  }
]